data;dia;th1;th2;th3;th4;thm;Eto;P;P2;P3;P4;P5;P6;P7;Et;Et2;Et3;Et4
01/03/2014;1;0.0663;0.0715;0.0758;0.0657;0.069821554;0.5785;0.777;;;;;;;0.2854;;;
02/03/2014;2;0.0736;0.0708;0.0757;0.0657;0.071453604;0.4510;0.1295;0.9065;;;;;;0.3398;0.625214171;;
03/03/2014;3;0.0953;0.071;0.075;0.0657;0.076735629;0.5216;0.8288;0.9583;1.7353;;;;;0.347;0.686781992;0.972185686;
04/03/2014;4;0.1004;0.0713;0.075;0.0657;0.078106837;0.5718;0;0.8288;0.9583;1.7353;;;;0.3709;0.717875914;1.057686391;1.343090085
05/03/2014;5;0.093;0.0721;0.075;0.0657;0.076461595;0.6899;0;0;0.8288;0.9583;1.7353;;;0.3322;0.703069289;1.050040804;1.389851281
06/03/2014;6;0.0853;0.0725;0.075;0.0657;0.074629408;0.6134;0;0;0;0.8288;0.9583;1.7353;;0.3225;0.654697053;1.025601452;1.372572966
07/03/2014;7;0.1581;0.1302;0.1226;0.0905;0.125332874;0.3936;4.921;4.921;4.921;4.921;5.7498;5.8793;6.6563;0.3288;0.651313009;0.983477899;1.354382298
08/03/2014;8;0.167;0.146;0.1449;0.1154;0.143313438;0.3302;1.1396;6.0606;6.0606;6.0606;6.0606;6.8894;7.0189;0.298;0.626776998;0.94930916;1.28147405
09/03/2014;9;0.1618;0.1446;0.1455;0.1194;0.142838058;0.6550;0.1554;1.295;6.216;6.216;6.216;6.216;7.0448;0.3804;0.678427773;1.00720862;1.329740782
10/03/2014;10;0.1527;0.1378;0.1407;0.116;0.136799575;0.5696;0.2072;0.3626;1.5022;6.4232;6.4232;6.4232;6.4232;0.3383;0.718687754;1.016683905;1.345464752
11/03/2014;11;0.1428;0.1309;0.1368;0.1132;0.130928457;0.6684;0.1813;0.3885;0.5439;1.6835;6.6045;6.6045;6.6045;0.3834;0.721675636;1.102107259;1.40010341
12/03/2014;12;0.1355;0.1251;0.133;0.1108;0.126130352;0.6632;0;0.1813;0.3885;0.5439;1.6835;6.6045;6.6045;0.3656;0.748993679;1.087249811;1.467681434
13/03/2014;13;0.1281;0.1198;0.1298;0.1088;0.121631381;0.5748;0;0;0.1813;0.3885;0.5439;1.6835;6.6045;0.3516;0.717219255;1.100638759;1.438894891
14/03/2014;14;0.1209;0.1152;0.1268;0.1069;0.117436831;0.7158;0;0;0;0.1813;0.3885;0.5439;1.6835;0.375;0.726599166;1.092173341;1.475592845
15/03/2014;15;0.1136;0.1104;0.1247;0.105;0.113434696;0.6388;0.0259;0.0259;0.0259;0.0259;0.2072;0.4144;0.5698;0.3247;0.699664878;1.051309958;1.416884133
16/03/2014;16;0.1137;0.1066;0.1241;0.1032;0.111916948;0.6810;0.4921;0.518;0.518;0.518;0.518;0.6993;0.9065;0.3091;0.633829672;1.008783758;1.360428838
17/03/2014;17;0.1087;0.1038;0.125;0.1019;0.109853536;0.6472;0;0.4921;0.518;0.518;0.518;0.518;0.6993;0.3432;0.652317068;0.97702786;1.351981946
18/03/2014;18;0.1013;0.0995;0.1215;0.0998;0.105531294;0.5998;0;0;0.4921;0.518;0.518;0.518;0.518;0.3251;0.668280324;0.977399204;1.302109996
19/03/2014;19;0.0939;0.0951;0.1177;0.0979;0.101137365;0.4915;0;0;0;0.4921;0.518;0.518;0.518;0.3231;0.648196509;0.991394697;1.300513577
20/03/2014;20;0.0874;0.0903;0.1139;0.096;0.096889484;0.6776;0;0;0;0;0.4921;0.518;0.518;0.3403;0.663427747;0.988509884;1.331708072
21/03/2014;21;0.082;0.0853;0.1096;0.0939;0.09267698;0.7026;0;0;0;0;0;0.4921;0.518;0.3778;0.718112372;1.041226745;1.366308881
22/03/2014;22;0.078;0.0815;0.1056;0.0918;0.089212045;0.7957;0;0;0;0;0;0;0.4921;0.39;0.767756574;1.108069948;1.431184321
23/03/2014;23;0.0753;0.0788;0.1019;0.0897;0.086433107;0.7536;0;0;0;0;0;0;0;0.3767;0.766627166;1.144426163;1.484739537
24/03/2014;24;0.0733;0.0767;0.0985;0.0879;0.08409293;0.8055;0;0;0;0;0;0;0;0.368;0.74469701;1.134654586;1.512453584
25/03/2014;25;0.0717;0.0753;0.0954;0.0861;0.082119153;0.8050;0;0;0;0;0;0;0;0.3925;0.760569736;1.137239326;1.527196902
26/03/2014;26;0.0705;0.0738;0.093;0.0844;0.080425792;0.6816;0;0;0;0;0;0;0;0.3818;0.774348683;1.142376104;1.519045694
27/03/2014;27;0.1353;0.0891;0.0972;0.0839;0.101355792;0.5484;2.072;2.072;2.072;2.072;2.072;2.072;2.072;0.335;0.716853509;1.109395824;1.477423245
28/03/2014;28;0.1199;0.0944;0.0974;0.0841;0.098939964;0.6671;0;2.072;2.072;2.072;2.072;2.072;2.072;0.342;0.677089864;1.058896232;1.451438548
29/03/2014;29;0.1106;0.0919;0.0964;0.0839;0.095691908;0.5002;0.6475;0.6475;2.7195;2.7195;2.7195;2.7195;2.7195;0.2973;0.639371888;0.974419029;1.356225397
30/03/2014;30;0.1036;0.0893;0.0954;0.0832;0.092864215;0.5380;0.1813;0.8288;0.8288;2.9008;2.9008;2.9008;2.9008;0.3345;0.631838907;0.97388163;1.308928771
31/03/2014;31;0.0965;0.0869;0.0946;0.0829;0.090235302;0.5644;0.3885;0.5698;1.2173;1.2173;3.2893;3.2893;3.2893;0.3332;0.667727306;0.965056471;1.307099194
01/04/2014;32;0.0902;0.0845;0.0934;0.082;0.087532833;0.5831;0;0.3885;0.5698;1.2173;1.2173;3.2893;3.2893;0.3158;0.649041644;0.983551386;1.280880551
02/04/2014;33;0.0832;0.0815;0.0919;0.0812;0.084440394;0.6311;0;0;0.3885;0.5698;1.2173;1.2173;3.2893;0.3407;0.656543727;0.989761291;1.324271033
03/04/2014;34;0.0779;0.0784;0.0904;0.0802;0.081698294;0.5269;0;0;0;0.3885;0.5698;1.2173;1.2173;0.3513;0.691970086;1.007794166;1.34101173
04/04/2014;35;0.0745;0.0759;0.0892;0.0791;0.079689215;0.3665;0;0;0;0;0.3885;0.5698;1.2173;0.3004;0.651691256;0.992410904;1.308234983
05/04/2014;36;0.0723;0.0743;0.0881;0.0779;0.078144549;0.4923;0;0;0;0;0;0.3885;0.5698;0.302;0.602407765;0.953658204;1.294377852
06/04/2014;37;0.0763;0.0738;0.0875;0.077;0.078639452;0.5776;1.3727;1.3727;1.3727;1.3727;1.3727;1.3727;1.7612;0.3165;0.618452324;0.918893142;1.27014358
07/04/2014;38;0.0797;0.0738;0.0867;0.0762;0.079114071;0.5603;0.2331;1.6058;1.6058;1.6058;1.6058;1.6058;1.6058;0.3329;0.649399776;0.951366724;1.251807542
08/04/2014;39;0.0768;0.0736;0.0864;0.0758;0.078159655;0.4525;0.0259;0.259;1.6317;1.6317;1.6317;1.6317;1.6317;0.3217;0.65456878;0.971054157;1.273021105
09/04/2014;40;0.0744;0.0733;0.0859;0.0754;0.07724164;0.4556;0.0259;0.0518;0.2849;1.6576;1.6576;1.6576;1.6576;0.3166;0.638269941;0.971184341;1.287669717
10/04/2014;41;0.0722;0.0733;0.0851;0.0748;0.076356468;0.5013;0.0259;0.0518;0.0777;0.3108;1.6835;1.6835;1.6835;0.3499;0.666529416;0.988183796;1.321098196
11/04/2014;42;0.0796;0.0739;0.0857;0.0742;0.078353477;0.4505;2.4864;2.5123;2.5382;2.5641;2.7972;4.1699;4.1699;0.4008;0.750731884;1.067347445;1.389001825
12/04/2014;43;0.1467;0.1196;0.1043;0.0782;0.112190471;0.4675;0.6216;3.108;3.1339;3.1598;3.1857;3.4188;4.7915;0.3745;0.775326557;1.125240412;1.441855973
13/04/2014;44;0.1272;0.1159;0.1021;0.0782;0.105844812;0.6213;0;0.6216;3.108;3.1339;3.1598;3.1857;3.4188;0.3837;0.758228767;1.159046796;1.508960651
14/04/2014;45;0.1117;0.1063;0.0988;0.0776;0.09860319;0.4951;0;0;0.6216;3.108;3.1339;3.1598;3.1857;0.3804;0.764148375;1.138656903;1.539474932
15/04/2014;46;0.0996;0.0981;0.0962;0.0771;0.092769064;0.4855;0;0;0;0.6216;3.108;3.1339;3.1598;0.3867;0.767099047;1.150819285;1.525327813
16/04/2014;47;0.09;0.0913;0.094;0.0763;0.087904331;0.4472;0.5698;0.5698;0.5698;0.5698;1.1914;3.6778;3.7037;0.3762;0.762912349;1.143340485;1.527060724
17/04/2014;48;0.0853;0.0867;0.0924;0.0758;0.085032742;0.4005;0;0.5698;0.5698;0.5698;0.5698;1.1914;3.6778;0.3694;0.745654324;1.132325234;1.512753371
18/04/2014;49;0.082;0.0835;0.0908;0.0752;0.08288054;0.4739;0.518;0.518;1.0878;1.0878;1.0878;1.0878;1.7094;0.3857;0.755128495;1.131369933;1.518040844
19/04/2014;50;0.081;0.0814;0.0898;0.075;0.081791874;0.3756;0;0.518;0.518;1.0878;1.0878;1.0878;1.0878;0.3072;0.692960679;1.062373565;1.438615003
20/04/2014;51;0.0784;0.0798;0.0886;0.0746;0.080348859;0.3858;0;0;0.518;0.518;1.0878;1.0878;1.0878;0.311;0.618290533;1.004006142;1.373419028
21/04/2014;52;0.0754;0.0777;0.0875;0.0739;0.078616597;0.3835;0;0;0;0.518;0.518;1.0878;1.0878;0.3116;0.622662584;0.929907654;1.315623264
22/04/2014;53;0.0734;0.0758;0.0866;0.0734;0.077319206;0.4285;0;0;0;0;0.518;0.518;1.0878;0.2553;0.566876449;0.877921912;1.185166982
23/04/2014;54;0.0718;0.0746;0.0854;0.0732;0.07622687;0.3943;0.4403;0.4403;0.4403;0.4403;0.4403;0.9583;0.9583;0.2312;0.486420779;0.798037901;1.109083364
24/04/2014;55;0.0709;0.0742;0.0848;0.0725;0.075589029;0.2993;0;0.4403;0.4403;0.4403;0.4403;0.4403;0.9583;0.2325;0.463684423;0.71894375;1.030560872
25/04/2014;56;0.0702;0.0734;0.0842;0.072;0.074941033;0.2191;0;0;0.4403;0.4403;0.4403;0.4403;0.4403;0.166;0.398519021;0.629680473;0.8849398
26/04/2014;57;0.0693;0.0728;0.0834;0.0715;0.074270902;0.2397;0;0;0;0.4403;0.4403;0.4403;0.4403;0.137;0.303032943;0.535555914;0.766717366
27/04/2014;58;0.0684;0.0722;0.0828;0.0708;0.073540532;0.2376;0.1036;0.1036;0.1036;0.1036;0.5439;0.5439;0.5439;0.1358;0.272866602;0.438862652;0.671385623
28/04/2014;59;0.0675;0.0713;0.082;0.0704;0.072775403;0.3847;0;0.1036;0.1036;0.1036;0.1036;0.5439;0.5439;0.1482;0.284076286;0.421113179;0.587109229
29/04/2014;60;0.067;0.0705;0.0814;0.07;0.072222446;0.3698;0;0;0.1036;0.1036;0.1036;0.1036;0.5439;0.1104;0.258659304;0.394489013;0.531525906
30/04/2014;61;0.0664;0.07;0.0809;0.0693;0.071665663;0.1766;0;0;0;0.1036;0.1036;0.1036;0.1036;0.0892;0.199662394;0.347908971;0.483738681
01/05/2014;62;0.0785;0.0706;0.0803;0.0691;0.074649891;0.2108;2.1497;2.1497;2.1497;2.1497;2.2533;2.2533;2.2533;0.2132;0.302474177;0.412886904;0.561133481
02/05/2014;63;0.1296;0.0768;0.0806;0.0703;0.089327896;0.2072;0.3885;2.5382;2.5382;2.5382;2.5382;2.6418;2.6418;0.274;0.487181244;0.576430912;0.686843639
03/05/2014;64;0.1253;0.0832;0.081;0.0732;0.090703214;0.3232;0.0777;0.4662;2.6159;2.6159;2.6159;2.6159;2.7195;0.2837;0.557611487;0.770835997;0.860085665
04/05/2014;65;0.1157;0.0877;0.0815;0.0741;0.089778884;0.2833;0.4921;0.5698;0.9583;3.108;3.108;3.108;3.108;0.2898;0.573492344;0.847449079;1.060673589
05/05/2014;66;0.1172;0.0895;0.0815;0.0733;0.090401701;0.2349;0.1036;0.5957;0.6734;1.0619;3.2116;3.2116;3.2116;0.3057;0.595499471;0.879154224;1.153110958
06/05/2014;67;0.1123;0.0905;0.0817;0.0729;0.089334648;0.2945;0;0.1036;0.5957;0.6734;1.0619;3.2116;3.2116;0.2521;0.557778998;0.84761659;1.131271342
07/05/2014;68;0.1058;0.0896;0.082;0.0725;0.087469716;0.4327;0.8029;0.8029;0.9065;1.3986;1.4763;1.8648;4.0145;0.3188;0.570928818;0.876590698;1.166428289
08/05/2014;69;0.1111;0.0884;0.0822;0.0725;0.088528986;0.4265;0;0.8029;0.8029;0.9065;1.3986;1.4763;1.8648;0.332;0.650861061;0.90297818;1.208640059
09/05/2014;70;0.1041;0.0879;0.0823;0.0725;0.086689017;0.5275;0;0;0.8029;0.8029;0.9065;1.3986;1.4763;0.3341;0.666118118;0.984929817;1.237046936
10/05/2014;71;0.095;0.0862;0.0825;0.0725;0.084044868;0.6257;0;0;0;0.8029;0.8029;0.9065;1.3986;0.2883;0.62238402;0.954433382;1.273245081
11/05/2014;72;0.0869;0.0836;0.0825;0.0725;0.081380487;0.4496;0;0;0;0;0.8029;0.8029;0.9065;0.3166;0.604875534;0.93894429;1.270993652
12/05/2014;73;0.0812;0.0814;0.0823;0.0725;0.079380599;0.2097;0.0777;0.0777;0.0777;0.0777;0.0777;0.8806;0.8806;0.1983;0.514830187;0.803145451;1.137214207
13/05/2014;74;0.0775;0.0795;0.082;0.0725;0.077896367;0.3102;0;0.0777;0.0777;0.0777;0.0777;0.0777;0.8806;0.2344;0.43267785;0.749238121;1.037553385
14/05/2014;75;0.0751;0.0779;0.0818;0.0722;0.076736628;0.2638;0;0;0.0777;0.0777;0.0777;0.0777;0.0777;0.1576;0.392055286;0.590325203;0.906885473
15/05/2014;76;0.0738;0.0766;0.0816;0.072;0.075966131;0.3825;0.1813;0.1813;0.1813;0.259;0.259;0.259;0.259;0.2697;0.427298903;0.661706836;0.859976753
16/05/2014;77;0.0724;0.0755;0.0815;0.0718;0.075296042;0.3385;0.0259;0.2072;0.2072;0.2072;0.2849;0.2849;0.2849;0.1774;0.447090976;0.604738328;0.839146262
17/05/2014;78;0.0712;0.0746;0.0812;0.0717;0.074672508;0.5988;0;0.0259;0.2072;0.2072;0.2072;0.2849;0.2849;0.1935;0.370920653;0.640572203;0.798219556
18/05/2014;79;0.0701;0.0736;0.0809;0.0716;0.074038196;0.4628;0;0;0.0259;0.2072;0.2072;0.2072;0.2849;0.1863;0.379761702;0.557201127;0.826852678
19/05/2014;80;0.069;0.0728;0.0807;0.0712;0.073404848;0.4715;0;0;0;0.0259;0.2072;0.2072;0.2072;0.1896;0.375910949;0.569392176;0.746831602
20/05/2014;81;0.0678;0.0721;0.0802;0.0708;0.072722906;0.4719;0;0;0;0;0.0259;0.2072;0.2072;0.1891;0.378760167;0.565040641;0.758521869
21/05/2014;82;0.0668;0.0711;0.0799;0.0708;0.072165513;0.3638;0.0777;0.0777;0.0777;0.0777;0.0777;0.1036;0.2849;0.1992;0.388355265;0.57798574;0.764266214
22/05/2014;83;0.0665;0.0708;0.0796;0.0704;0.07184615;0.3924;0.0259;0.1036;0.1036;0.1036;0.1036;0.1036;0.1295;0.2082;0.407447504;0.596577196;0.78620767
23/05/2014;84;0.0658;0.0704;0.0793;0.07;0.071367478;0.3963;0;0.0259;0.1036;0.1036;0.1036;0.1036;0.1036;0.1867;0.394873716;0.594099289;0.783228981
24/05/2014;85;0.0652;0.07;0.0791;0.07;0.071066943;0.4206;0;0;0.0259;0.1036;0.1036;0.1036;0.1036;0.1913;0.377965394;0.586187324;0.785412898
25/05/2014;86;0.0645;0.0697;0.0787;0.0695;0.070617594;0.4650;0;0;0;0.0259;0.1036;0.1036;0.1036;0.1877;0.379041007;0.565692792;0.773914723
26/05/2014;87;0.0636;0.0691;0.0781;0.0692;0.07002146;0.3376;0;0;0;0;0.0259;0.1036;0.1036;0.2009;0.38864121;0.579954818;0.766606603
27/05/2014;88;0.0634;0.0687;0.0776;0.0691;0.069684592;0.3609;0;0;0;0;0;0.0259;0.1036;0.2036;0.404473755;0.592201153;0.783514762
28/05/2014;89;0.0633;0.0682;0.0772;0.0685;0.069284942;0.3732;0;0;0;0;0;0;0.0259;0.1955;0.399075497;0.599989308;0.787716706
29/05/2014;90;0.0988;0.0688;0.0768;0.0682;0.078153884;0.3992;2.2792;2.2792;2.2792;2.2792;2.2792;2.2792;2.2792;0.2047;0.40025498;0.603814923;0.804728734
30/05/2014;91;0.1162;0.0712;0.0773;0.0676;0.083090473;0.4032;0;2.2792;2.2792;2.2792;2.2792;2.2792;2.2792;0.1842;0.38898446;0.584500013;0.788059957
31/05/2014;92;0.1041;0.0726;0.0775;0.0674;0.080397594;0.4053;0.0518;0.0518;2.331;2.331;2.331;2.331;2.331;0.159;0.343271132;0.548010559;0.743526112
01/06/2014;93;0.095;0.0733;0.0775;0.0674;0.078297643;0.4144;0;0.0518;0.0518;2.331;2.331;2.331;2.331;0.1183;0.277353748;0.461598781;0.666338208
02/06/2014;94;0.0879;0.0736;0.0775;0.0674;0.0766152;0.4467;0;0;0.0518;0.0518;2.331;2.331;2.331;0.071;0.189331801;0.3483579;0.532602934
03/06/2014;95;0.0822;0.0734;0.078;0.0676;0.075305534;0.4368;0;0;0;0.0518;0.0518;2.331;2.331;0.071;0.141988578;0.260316226;0.419342326
04/06/2014;96;0.0779;0.0732;0.0781;0.0677;0.07419118;0.4408;0;0;0;0;0.0518;0.0518;2.331;0.1226;0.193607465;0.264611617;0.382939266
05/06/2014;97;0.0747;0.0725;0.0781;0.0677;0.073253197;0.4400;0;0;0;0;0;0.0518;0.0518;0.121;0.243575689;0.314560115;0.385564267
06/06/2014;98;0.0722;0.0719;0.078;0.068;0.072507411;0.4533;0;0;0;0;0;0;0.0518;0.1201;0.241020476;0.363643515;0.43462794
07/06/2014;99;0.0703;0.071;0.0778;0.0678;0.071719905;0.3880;0;0;0;0;0;0;0;0.0732;0.193256849;0.314209499;0.436832538
08/06/2014;100;0.0689;0.0707;0.0775;0.0674;0.071109562;0.3921;0;0;0;0;0;0;0;0.0715;0.144699528;0.264767354;0.385720004
09/06/2014;101;0.0674;0.07;0.0775;0.0674;0.070565493;0.4554;0;0;0;0;0;0;0;0.1027;0.174191304;0.247380327;0.367448152
10/06/2014;102;0.0664;0.0693;0.0774;0.0674;0.070140419;0.4622;0.0259;0.0259;0.0259;0.0259;0.0259;0.0259;0.0259;0.1074;0.210094364;0.281604869;0.354793892
11/06/2014;103;0.0656;0.0691;0.0768;0.0674;0.069735856;0.4567;0;0.0259;0.0259;0.0259;0.0259;0.0259;0.0259;0.123;0.230404281;0.333085079;0.404595584
12/06/2014;104;0.0648;0.0687;0.0766;0.0673;0.069357894;0.3927;0;0;0.0259;0.0259;0.0259;0.0259;0.0259;0.1006;0.223547994;0.33096156;0.433642359
13/06/2014;105;0.064;0.0683;0.0762;0.0667;0.068781244;0.3698;0.0518;0.0518;0.0518;0.0777;0.0777;0.0777;0.0777;0.056;0.15659097;0.279581685;0.38699525
14/06/2014;106;0.0635;0.0679;0.0759;0.0666;0.068443744;0.3859;0;0.0518;0.0518;0.0518;0.0777;0.0777;0.0777;0.0571;0.113174855;0.213732135;0.33672285
15/06/2014;107;0.0629;0.0676;0.0755;0.0669;0.068231417;0.4363;0;0;0.0518;0.0518;0.0518;0.0777;0.0777;0.0761;0.133264211;0.189297901;0.289855181
16/06/2014;108;0.0627;0.0678;0.0758;0.0666;0.068213928;0.5725;0;0;0;0.0518;0.0518;0.0518;0.0777;0.065;0.141153247;0.198294412;0.254328102
17/06/2014;109;0.0622;0.0668;0.0735;0.0664;0.067226463;0.4223;0;0;0;0;0.0518;0.0518;0.0518;0.0769;0.141922942;0.218045988;0.275187154
18/06/2014;110;0.0615;0.0666;0.0722;0.066;0.066562507;0.2841;0.0777;0.0777;0.0777;0.0777;0.0777;0.1295;0.1295;0.1931;0.270027752;0.335057953;0.411180999
19/06/2014;111;0.0582;0.0641;0.0692;0.0684;0.064987964;0.3743;0;0.0777;0.0777;0.0777;0.0777;0.0777;0.1295;0.1087;0.301852261;0.378745002;0.443775203
20/06/2014;112;0.0586;0.0641;0.0694;0.0679;0.065004796;0.5392;0;0;0.0777;0.0777;0.0777;0.0777;0.0777;0.0578;0.166539359;0.359674369;0.436567111
21/06/2014;113;0.0586;0.0641;0.0695;0.0675;0.064930335;0.5005;0;0;0;0.0777;0.0777;0.0777;0.0777;0.0515;0.109329296;0.218046546;0.411181557
22/06/2014;114;0.0576;0.0634;0.0687;0.0678;0.064378606;0.6032;0;0;0;0;0.0777;0.0777;0.0777;0.0621;0.11365039;0.171472499;0.280189749
23/06/2014;115;0.0576;0.0637;0.0691;0.0669;0.064314618;0.4146;0;0;0;0;0;0.0777;0.0777;0.047;0.109162254;0.160669441;0.21849155
24/06/2014;116;0.0574;0.0633;0.0689;0.067;0.064133415;0.3362;0;0;0;0;0;0;0.0777;0.0824;0.129436636;0.191579839;0.243087026
25/06/2014;117;0.0571;0.0629;0.0687;0.067;0.063912846;0.5079;0;0;0;0;0;0;0;0.0165;0.098896733;0.145915784;0.208058987
26/06/2014;118;0.057;0.0631;0.0689;0.0665;0.063864091;0.3845;0;0;0;0;0;0;0;0.0181;0.03459946;0.117017046;0.164036097
27/06/2014;119;0.0562;0.0624;0.068;0.0668;0.063348869;0.2162;0.0259;0.0259;0.0259;0.0259;0.0259;0.0259;0.0259;0.1576;0.17568711;0.192166258;0.274583843
28/06/2014;120;0.0569;0.0629;0.0684;0.0658;0.063507916;0.3863;0;0.0259;0.0259;0.0259;0.0259;0.0259;0.0259;0.0422;0.199807507;0.21792782;0.234406968
29/06/2014;121;0.0571;0.0631;0.0688;0.0653;0.063560868;0.4082;0;0;0.0259;0.0259;0.0259;0.0259;0.0259;0.0413;0.083572973;0.24113977;0.259260083
30/06/2014;122;0.0563;0.0623;0.0682;0.066;0.063184984;0.5625;0;0;0;0.0259;0.0259;0.0259;0.0259;0.0185;0.059842422;0.102083131;0.259649929
01/07/2014;123;0.0551;0.0612;0.0674;0.0671;0.062681794;0.5929;0;0;0;0;0.0259;0.0259;0.0259;0.0091;0.0276414;0.068973663;0.111214373
02/07/2014;124;0.055;0.0613;0.0675;0.0666;0.062618699;0.5454;0;0;0;0;0;0.0259;0.0259;0.0778;0.086908163;0.105418321;0.146750584
03/07/2014;125;0.0553;0.0622;0.0683;0.0654;0.062787514;0.3258;0;0;0;0;0;0;0.0259;0.0611;0.138833774;0.147965015;0.166475174
04/07/2014;126;0.0555;0.0622;0.0682;0.0651;0.062749046;0.5460;0;0;0;0;0;0;0;0.0322;0.093273548;0.171050469;0.180181711
05/07/2014;127;0.0537;0.06;0.0668;0.0668;0.06181554;0.4863;0;0;0;0;0;0;0;0.0426;0.074802584;0.135859437;0.213636357
06/07/2014;128;0.0512;0.0563;0.0639;0.07;0.060312381;0.4229;0;0;0;0;0;0;0;0.0535;0.096079652;0.128296347;0.1893532
07/07/2014;129;0.0508;0.0559;0.0637;0.07;0.060106292;0.4076;0;0;0;0;0;0;0;0.1144;0.167925687;0.210511575;0.242728271
08/07/2014;130;0.0505;0.0556;0.0632;0.0697;0.059742348;0.3690;0;0;0;0;0;0;0;0.0184;0.132869915;0.186363678;0.228949567
09/07/2014;131;0.0507;0.0556;0.0634;0.07;0.059920943;0.4021;0;0;0;0;0;0;0;0.088;0.10645209;0.220884013;0.274377777
10/07/2014;132;0.0503;0.0552;0.0631;0.0699;0.059608199;0.4374;0;0;0;0;0;0;0;0.0536;0.141591053;0.160029044;0.274460967
11/07/2014;133;0.05;0.0549;0.063;0.0696;0.059418385;0.4951;0;0;0;0;0;0;0;0.0326;0.086128266;0.174142364;0.192580356
12/07/2014;134;0.0502;0.0546;0.0631;0.0698;0.059429719;0.4315;0;0;0;0;0;0;0;0.0592;0.091793593;0.145370548;0.233384646
13/07/2014;135;0.0519;0.0636;0.0626;0.0695;0.061875929;0.4051;0.9583;0.9583;0.9583;0.9583;0.9583;0.9583;0.9583;0.0688;0.128087726;0.160639037;0.214215991
14/07/2014;136;0.0529;0.069;0.0625;0.0691;0.063354508;0.4046;0;0.9583;0.9583;0.9583;0.9583;0.9583;0.9583;0.11;0.178838903;0.238081185;0.270632497
15/07/2014;137;0.0534;0.0696;0.0626;0.0691;0.063688248;0.3066;0.3367;0.3367;1.295;1.295;1.295;1.295;1.295;0.0577;0.167710911;0.236556355;0.295798637
16/07/2014;138;0.0538;0.0701;0.0628;0.0688;0.063880416;0.4262;0.0259;0.3626;0.3626;1.3209;1.3209;1.3209;1.3209;0.0729;0.130609938;0.240603398;0.309448841
17/07/2014;139;0.0545;0.0702;0.0633;0.0691;0.064269992;0.4619;0;0.0259;0.3626;0.3626;1.3209;1.3209;1.3209;0.0685;0.141349379;0.19906683;0.30906029
18/07/2014;140;0.0592;0.0676;0.0651;0.0668;0.064704774;0.2859;0.0777;0.0777;0.1036;0.4403;0.4403;1.3986;1.3986;0.074;0.142417228;0.215309715;0.273027166
19/07/2014;141;0.0685;0.0635;0.0691;0.0622;0.065853432;0.3325;0;0.0777;0.0777;0.1036;0.4403;0.4403;1.3986;0.0899;0.163857273;0.232314165;0.305206652
20/07/2014;142;0.0677;0.0641;0.0691;0.0622;0.065788782;0.4896;0;0;0.0777;0.0777;0.1036;0.4403;0.4403;0.1031;0.192979725;0.266940061;0.335396953
21/07/2014;143;0.067;0.0644;0.0693;0.0622;0.065740993;0.4502;0;0;0;0.0777;0.0777;0.1036;0.4403;0.0839;0.186974105;0.276871043;0.350831379
22/07/2014;144;0.0658;0.0646;0.0694;0.0622;0.06552201;0.4652;0;0;0;0;0.0777;0.0777;0.1036;0.0757;0.15959348;0.262676268;0.352573205
23/07/2014;145;0.065;0.0647;0.0695;0.0622;0.065373874;0.4475;0;0;0;0;0;0.0777;0.0777;0.0652;0.140914705;0.224806022;0.32788881
24/07/2014;146;0.0636;0.0647;0.0693;0.0622;0.064960241;0.3029;0;0;0;0;0;0;0.0777;0.0803;0.145517118;0.22121928;0.305110598
25/07/2014;147;0.063;0.0644;0.0693;0.0622;0.064747662;0.4336;0.0518;0.0518;0.0518;0.0518;0.0518;0.0518;0.0518;0.1538;0.234069041;0.299281583;0.374983746
26/07/2014;148;0.0625;0.0647;0.0693;0.0622;0.064697054;0.3965;0.0259;0.0777;0.0777;0.0777;0.0777;0.0777;0.0777;0.1081;0.261856836;0.342161412;0.407373954
27/07/2014;149;0.0621;0.0645;0.0694;0.0622;0.064556148;0.4948;0.2331;0.259;0.3108;0.3108;0.3108;0.3108;0.3108;0.1086;0.216684185;0.37044865;0.450753226
28/07/2014;150;0.0898;0.0647;0.0693;0.0622;0.071519577;0.4103;1.5022;1.7353;1.7612;1.813;1.813;1.813;1.813;0.0933;0.201859539;0.30995191;0.463716375
29/07/2014;151;0.1012;0.0645;0.0691;0.0622;0.074259865;0.3146;0.0259;1.5281;1.7612;1.7871;1.8389;1.8389;1.8389;0.0671;0.160381528;0.268973342;0.377065713
30/07/2014;152;0.0957;0.0655;0.0691;0.0622;0.073123881;0.5326;0;0.0259;1.5281;1.7612;1.7871;1.8389;1.8389;0.0916;0.158707865;0.25197559;0.360567404
31/07/2014;153;0.0909;0.0673;0.0693;0.0622;0.072434373;0.5397;0;0;0.0259;1.5281;1.7612;1.7871;1.8389;0.1857;0.277322767;0.34443657;0.437704295
01/08/2014;154;0.0867;0.069;0.0697;0.0622;0.071888232;0.4658;0;0;0;0.0259;1.5281;1.7612;1.7871;0.097;0.282694338;0.3742884;0.441402203
02/08/2014;155;0.0833;0.0703;0.07;0.0622;0.071447242;0.5012;0;0;0;0;0.0259;1.5281;1.7612;0.0468;0.143749967;0.329478671;0.421072733
03/08/2014;156;0.0805;0.0711;0.07;0.0622;0.070945752;0.5003;0;0;0;0;0;0.0259;1.5281;0.0536;0.100351643;0.197317276;0.383045981
04/08/2014;157;0.0782;0.0717;0.0702;0.0623;0.070604887;0.5206;0;0;0;0;0;0;0.0259;0.0719;0.125438608;0.172222942;0.269188575
05/08/2014;158;0.076;0.0719;0.0707;0.063;0.070391815;0.5143;0;0;0;0;0;0;0;0.0516;0.123477347;0.177044657;0.22382899
06/08/2014;159;0.0737;0.0715;0.0707;0.0631;0.069770292;0.5278;0;0;0;0;0;0;0;0.0629;0.114464953;0.186336252;0.239903562
07/08/2014;160;0.072;0.0711;0.0706;0.0631;0.06921231;0.4193;0.0259;0.0259;0.0259;0.0259;0.0259;0.0259;0.0259;0.0653;0.128149991;0.179756039;0.251627338
08/08/2014;161;0.0701;0.0707;0.0703;0.0631;0.068545873;0.2066;0.1813;0.2072;0.2072;0.2072;0.2072;0.2072;0.2072;0.1286;0.193924678;0.256783582;0.308389631
09/08/2014;162;0.0695;0.0702;0.0701;0.0631;0.06822024;0.5461;0;0.1813;0.2072;0.2072;0.2072;0.2072;0.2072;0.0871;0.215696866;0.280987953;0.343846857
10/08/2014;163;0.0686;0.07;0.0701;0.0631;0.067946615;0.3441;0.0259;0.0259;0.2072;0.2331;0.2331;0.2331;0.2331;0.1549;0.241916256;0.370549848;0.435840934
11/08/2014;164;0.0679;0.07;0.0701;0.0631;0.067782396;0.5577;0;0.0259;0.0259;0.2072;0.2331;0.2331;0.2331;0.0581;0.212941498;0.300004773;0.428638365
12/08/2014;165;0.0669;0.0696;0.0703;0.0631;0.067475807;0.5485;0;0;0.0259;0.0259;0.2072;0.2331;0.2331;0.0742;0.1322624;0.287115381;0.374178656
13/08/2014;166;0.0661;0.0696;0.0703;0.0631;0.067297008;0.5641;0;0;0;0.0259;0.0259;0.2072;0.2331;0.0629;0.137081144;0.195169661;0.350022643
14/08/2014;167;0.0654;0.0695;0.0705;0.0631;0.06713968;0.5665;0;0;0;0;0.0259;0.0259;0.2072;0.0542;0.117097905;0.191271788;0.249360304
15/08/2014;168;0.0644;0.069;0.0704;0.0632;0.066760519;0.5520;0;0;0;0;0;0.0259;0.0259;0.0546;0.108741072;0.171648333;0.245822216
16/08/2014;169;0.0631;0.0684;0.0701;0.0631;0.066170022;0.3897;0;0;0;0;0;0;0.0259;0.0837;0.138236454;0.192427097;0.255334358
17/08/2014;170;0.0627;0.0679;0.07;0.0631;0.065901345;0.5029;0;0;0;0;0;0;0;0.0527;0.136423099;0.190973528;0.245164171
18/08/2014;171;0.0622;0.0675;0.07;0.0631;0.065707849;0.5247;0;0;0;0;0;0;0;0.0301;0.082827446;0.166513471;0.2210639
19/08/2014;172;0.0617;0.0675;0.07;0.0631;0.065562467;0.5915;0;0;0;0;0;0;0;0.0758;0.105900865;0.158637939;0.242323964
20/08/2014;173;0.0611;0.0673;0.07;0.0631;0.065367261;0.5410;0;0;0;0;0;0;0;0.0087;0.084479248;0.11456962;0.167306694
21/08/2014;174;0.0604;0.0671;0.07;0.0631;0.065153548;0.4423;0;0;0;0;0;0;0;0.0435;0.052145899;0.127956391;0.158046764
22/08/2014;175;0.06;0.0668;0.0699;0.0631;0.064954098;0.6077;0;0;0;0;0;0;0;0.0216;0.065108515;0.07377727;0.149587763
23/08/2014;176;0.0595;0.0666;0.07;0.0631;0.064794099;0.5908;0;0;0;0;0;0;0;0.0162;0.037843549;0.081320692;0.089989447
24/08/2014;177;0.059;0.0664;0.07;0.0631;0.064616128;0.6079;0;0;0;0;0;0;0;0.0214;0.037612324;0.059243695;0.102720838
25/08/2014;178;0.0584;0.0663;0.07;0.0631;0.064445952;0.5985;0;0;0;0;0;0;0;0.0329;0.054333041;0.070545218;0.09217659
26/08/2014;179;0.0578;0.0662;0.07;0.0631;0.064257273;0.5175;0;0;0;0;0;0;0;0.0579;0.090867993;0.112268139;0.128480317
27/08/2014;180;0.0574;0.0661;0.0699;0.0631;0.064124548;0.5602;0;0;0;0;0;0;0;0.038;0.095887399;0.128820294;0.15022044
28/08/2014;181;0.0571;0.066;0.0702;0.0631;0.064115806;0.5602;0;0;0;0;0;0;0;0.0371;0.075087366;0.133022465;0.16595536
29/08/2014;182;0.0568;0.0658;0.0703;0.0632;0.064035993;0.5888;0;0;0;0;0;0;0;0.05;0.0871173;0.125069601;0.183004699
30/08/2014;183;0.0561;0.0656;0.0701;0.0632;0.063753369;0.5306;0;0;0;0;0;0;0;0.0403;0.090305131;0.127440197;0.165392497
31/08/2014;184;0.0556;0.065;0.07;0.0631;0.063411397;0.4683;0;0;0;0;0;0;0;0.0507;0.091069303;0.141051537;0.178186603
01/09/2014;185;0.0553;0.0649;0.0699;0.0631;0.06328262;0.5949;0;0;0;0;0;0;0;0.0401;0.090828941;0.131151837;0.181134072
02/09/2014;186;0.055;0.065;0.07;0.0631;0.063279263;0.6431;0;0;0;0;0;0;0;0.0131;0.053215071;0.103961477;0.144284374
03/09/2014;187;0.0547;0.0649;0.0702;0.0631;0.063229394;0.6105;0;0;0;0;0;0;0;0.0445;0.057624897;0.097707432;0.148453838
04/09/2014;188;0.0543;0.0648;0.0704;0.0637;0.063319388;0.6009;0;0;0;0;0;0;0;0.0246;0.069121992;0.082254529;0.122337063
05/09/2014;189;0.0535;0.0646;0.0702;0.064;0.063063736;0.4649;0;0;0;0;0;0;0;0.0694;0.094028043;0.138520404;0.15165294
06/09/2014;190;0.053;0.0639;0.07;0.0634;0.062585845;0.4305;0.0259;0.0259;0.0259;0.0259;0.0259;0.0259;0.0259;0.1387;0.208142478;0.232772109;0.27726447
07/09/2014;191;0.0528;0.0632;0.0698;0.0632;0.062213026;0.4244;0;0.0259;0.0259;0.0259;0.0259;0.0259;0.0259;0.0585;0.197229354;0.266627766;0.291257397
08/09/2014;192;0.0526;0.0631;0.0693;0.0631;0.062051459;0.3487;0.0259;0.0259;0.0518;0.0518;0.0518;0.0518;0.0518;0.0961;0.154556954;0.29330102;0.362699432
09/09/2014;193;0.0527;0.0627;0.0691;0.0631;0.06191282;0.3916;0;0.0259;0.0259;0.0518;0.0518;0.0518;0.0518;0.1274;0.223473522;0.28195881;0.420702876
10/09/2014;194;0.0528;0.0626;0.0691;0.0631;0.061904564;0.5845;0;0;0.0259;0.0259;0.0518;0.0518;0.0518;0.0471;0.17451931;0.270590976;0.329076264
11/09/2014;195;0.0526;0.0627;0.0691;0.0631;0.061885167;0.4766;0;0;0;0.0259;0.0259;0.0518;0.0518;0.1041;0.151245467;0.278647322;0.374718988
12/09/2014;196;0.0526;0.0626;0.0691;0.0631;0.061867007;0.5540;0;0;0;0;0.0259;0.0259;0.0518;0.043;0.147144214;0.194261668;0.321663524
13/09/2014;197;0.0524;0.0624;0.0691;0.0631;0.061760114;0.4479;0;0;0;0;0;0.0259;0.0259;0;0.043016202;0.147144214;0.194261668
14/09/2014;198;0.0524;0.0625;0.0691;0.0631;0.061782693;0.6651;0;0;0;0;0;0;0.0259;0.0335;0.033528664;0.076544866;0.180672878
15/09/2014;199;0.052;0.0624;0.0691;0.0631;0.061660247;0.6465;0;0;0;0;0;0;0;0.0176;0.051155368;0.051155368;0.09417157
16/09/2014;200;0.0519;0.0622;0.0691;0.0631;0.061567339;0.5395;0;0;0;0;0;0;0;0;0.017656799;0.051185464;0.051185464
17/09/2014;201;0.0518;0.0626;0.0691;0.0631;0.061676144;0.6355;0;0;0;0;0;0;0;0.0565;0.056567919;0.074194623;0.107723287
18/09/2014;202;0.0518;0.0627;0.0691;0.0631;0.061684771;0.5818;0;0;0;0;0;0;0;0.0451;0.101680974;0.10171107;0.119337774
19/09/2014;203;0.0517;0.0631;0.0691;0.0631;0.061756507;0.5944;0;0;0;0;0;0;0;0.06;0.105149163;0.161686986;0.161717082
20/09/2014;204;0.0515;0.063;0.0691;0.0631;0.061671906;0.5971;0;0;0;0;0;0;0;0.0533;0.113273104;0.158416255;0.214954078
21/09/2014;205;0.0512;0.0629;0.0691;0.0631;0.061586852;0.5794;0;0;0;0;0;0;0;0.029;0.082296511;0.142302523;0.187445674
22/09/2014;206;0.0512;0.0628;0.0692;0.0631;0.061572766;0.6482;0;0;0;0;0;0;0;0.0484;0.077442518;0.130709611;0.190715622
23/09/2014;207;0.0511;0.0631;0.0691;0.0631;0.061602701;0.6477;0;0;0;0;0;0;0;0.0725;0.120917677;0.149947096;0.203214188
24/09/2014;208;0.0508;0.0623;0.0691;0.0631;0.061332253;0.6223;0;0;0;0;0;0;0;0.0459;0.118421113;0.166834213;0.195863632
25/09/2014;209;0.0506;0.0622;0.0691;0.0631;0.061260571;0.6172;0;0;0;0;0;0;0;0.0352;0.081076607;0.153581184;0.201994283
26/09/2014;210;0.0503;0.0619;0.0691;0.0631;0.061111354;0.6471;0;0;0;0;0;0;0;0.0218;0.056995557;0.102912093;0.17541667
27/09/2014;211;0.0502;0.0617;0.0691;0.0631;0.061032125;0.6795;0;0;0;0;0;0;0;0.0753;0.097171531;0.132331602;0.178248138
28/09/2014;212;0.0502;0.0616;0.0691;0.0631;0.060995415;0.6164;0;0;0;0;0;0;0;0.0148;0.090144444;0.11197993;0.147140001
29/09/2014;213;0.0499;0.0614;0.0691;0.0631;0.060877974;0.6477;0;0;0;0;0;0;0;0.0449;0.05972019;0.135056235;0.156891721
30/09/2014;214;0.0499;0.0613;0.0691;0.0631;0.060840943;0.6679;0;0;0;0;0;0;0;0.0265;0.071457371;0.08626577;0.161601815
01/10/2014;215;0.0495;0.0611;0.0691;0.0631;0.0607181;0.5311;0;0;0;0;0;0;0;0.0129;0.039398597;0.084310388;0.099118787
02/10/2014;216;0.0495;0.0608;0.0689;0.0631;0.060585861;0.5090;0;0;0;0;0;0;0;0.0565;0.069384926;0.095930506;0.140842297
03/10/2014;217;0.0523;0.0605;0.0685;0.0631;0.061102969;0.5098;1.5281;1.5281;1.5281;1.5281;1.5281;1.5281;1.5281;0.2849;0.341411169;0.354264186;0.380809766
04/10/2014;218;0.072;0.0596;0.0675;0.0627;0.065450204;0.4619;0;1.5281;1.5281;1.5281;1.5281;1.5281;1.5281;0.1222;0.407087298;0.463619207;0.476472224
05/10/2014;219;0.0785;0.0599;0.0672;0.0622;0.066989964;0.4928;0.0259;0.0259;1.554;1.554;1.554;1.554;1.554;0.1043;0.226498596;0.511377856;0.567909765
06/10/2014;220;0.0782;0.0605;0.0668;0.0622;0.066913649;0.2895;0.0777;0.1036;0.1036;1.6317;1.6317;1.6317;1.6317;0.0385;0.142768696;0.264976734;0.549855994
07/10/2014;221;0.0772;0.0608;0.0666;0.0618;0.066607166;0.3546;0.259;0.3367;0.3626;0.3626;1.8907;1.8907;1.8907;0.061;0.099526983;0.203817541;0.32602558
08/10/2014;222;0.0763;0.0617;0.0668;0.0619;0.066662569;0.4480;0;0.259;0.3367;0.3626;0.3626;1.8907;1.8907;0.1726;0.233606363;0.272084501;0.376375059
09/10/2014;223;0.076;0.0626;0.067;0.0619;0.06686596;0.5925;0;0;0.259;0.3367;0.3626;0.3626;1.8907;0.0966;0.269111789;0.330160635;0.368638773
10/10/2014;224;0.0753;0.0635;0.0674;0.0622;0.067095988;0.5346;0;0;0;0.259;0.3367;0.3626;0.3626;0.0597;0.156222394;0.328779912;0.389828757
11/10/2014;225;0.0743;0.0643;0.0675;0.0622;0.067088873;0.5833;0;0;0;0;0.259;0.3367;0.3626;0.1203;0.180013207;0.276567479;0.449124996
12/10/2014;226;0.073;0.0651;0.0678;0.0622;0.06704598;0.5678;0;0;0;0;0;0.259;0.3367;0.0867;0.207066942;0.266735064;0.363289336
13/10/2014;227;0.0718;0.0656;0.0684;0.0622;0.067012351;0.6104;0;0;0;0;0;0;0.259;0.0664;0.153142276;0.27348736;0.333155483
14/10/2014;228;0.0706;0.066;0.0687;0.0623;0.066911066;0.6207;0;0;0;0;0;0;0;0.0576;0.124043054;0.210764911;0.331109996
15/10/2014;229;0.0697;0.0666;0.0691;0.0631;0.067113377;0.6652;0;0;0;0;0;0;0;0.0457;0.103340181;0.1697606;0.256482457
16/10/2014;230;0.0685;0.0669;0.0693;0.0631;0.066950687;0.6942;0;0;0;0;0;0;0;0.0487;0.094368057;0.151990692;0.218411111
17/10/2014;231;0.0671;0.0671;0.0695;0.0631;0.066697413;0.5217;0.0259;0.0259;0.0259;0.0259;0.0259;0.0259;0.0259;0.0996;0.148247463;0.193965009;0.251587645
18/10/2014;232;0.066;0.067;0.0694;0.0631;0.066402888;0.5923;0;0.0259;0.0259;0.0259;0.0259;0.0259;0.0259;0.0684;0.16799446;0.216644972;0.262362517
19/10/2014;233;0.0652;0.0671;0.0697;0.0631;0.066285172;0.7013;0;0;0.0259;0.0259;0.0259;0.0259;0.0259;0.0864;0.154826154;0.254423106;0.303073618
20/10/2014;234;0.0643;0.0673;0.07;0.0632;0.06620678;0.6434;0;0;0;0.0259;0.0259;0.0259;0.0259;0.0325;0.1188947;0.187292208;0.28688916
21/10/2014;235;0.0631;0.0674;0.07;0.0632;0.065930921;0.5964;0;0;0;0;0.0259;0.0259;0.0259;0.0135;0.045917613;0.132346259;0.200743767
22/10/2014;236;0.0621;0.0672;0.07;0.0633;0.065654671;0.6054;0;0;0;0;0;0.0259;0.0259;0.0408;0.054274917;0.08674097;0.173169616
23/10/2014;237;0.061;0.0668;0.07;0.0633;0.065260726;0.4552;0;0;0;0;0;0;0.0259;0.0232;0.064024364;0.077475923;0.109941977
24/10/2014;238;0.0606;0.0667;0.07;0.0631;0.065074031;0.6672;0;0;0;0;0;0;0;0.0339;0.057109831;0.097933188;0.111384748
25/10/2014;239;0.0599;0.0666;0.07;0.0633;0.064927345;0.6364;0;0;0;0;0;0;0;0.0437;0.077563307;0.100764314;0.141587671
26/10/2014;240;0.0591;0.0665;0.07;0.0635;0.064774749;0.6999;0;0;0;0;0;0;0;0.0113;0.054983071;0.088891896;0.112092902
27/10/2014;241;0.0584;0.0664;0.07;0.0635;0.06456763;0.6162;0;0;0;0;0;0;0;0.0349;0.046273389;0.089927872;0.123836696
28/10/2014;242;0.0578;0.0662;0.07;0.0637;0.064438327;0.6257;0;0;0;0;0;0;0;0.0316;0.066570856;0.077899445;0.121553927
29/10/2014;243;0.0572;0.0662;0.07;0.0636;0.064270782;0.7179;0;0;0;0;0;0;0;0.0358;0.067390751;0.102335551;0.11366414
30/10/2014;244;0.0565;0.066;0.07;0.0636;0.064022333;0.6501;0;0;0;0;0;0;0;0.0081;0.043888539;0.075514595;0.110459395
31/10/2014;245;0.0558;0.0657;0.0701;0.0637;0.06379966;0.7060;0;0;0;0;0;0;0;0.0194;0.027514776;0.063279471;0.094905527
01/11/2014;246;0.0549;0.0655;0.07;0.0636;0.0634989;0.6428;0;0;0;0;0;0;0;0.0538;0.073212089;0.081335934;0.117100629
02/11/2014;247;0.0543;0.0651;0.07;0.0634;0.063177042;0.4273;0;0;0;0;0;0;0;0.0359;0.089736735;0.109127667;0.117251511
03/11/2014;248;0.0538;0.0648;0.0699;0.0631;0.062919417;0.5863;0;0;0;0;0;0;0;0.0037;0.039589216;0.093410373;0.112801305
04/11/2014;249;0.0536;0.0646;0.0698;0.0631;0.062796317;0.5948;0;0;0;0;0;0;0;0.02;0.023639737;0.059555314;0.113376472
05/11/2014;250;0.0535;0.0644;0.0698;0.0631;0.062695689;0.6679;0;0;0;0;0;0;0;0.0297;0.049636644;0.053310283;0.08922586
06/11/2014;251;0.053;0.0644;0.0699;0.0631;0.062625918;0.6536;0;0;0;0;0;0;0;0.0008;0.030503043;0.050469141;0.054142779
07/11/2014;252;0.0527;0.064;0.0698;0.0632;0.062424828;0.6889;0;0;0;0;0;0;0;0.0302;0.031059438;0.060729984;0.080696082
08/11/2014;253;0.0525;0.0637;0.0696;0.0632;0.062260961;0.6131;0;0;0;0;0;0;0;0.008;0.038236639;0.039069136;0.068739681
09/11/2014;254;0.0521;0.0636;0.0696;0.0631;0.062129614;0.6254;0;0;0;0;0;0;0;0.0241;0.032158836;0.062385777;0.063218274
10/11/2014;255;0.0519;0.0634;0.0695;0.0631;0.062000746;0.5381;0;0;0;0;0;0;0;0.0247;0.04880625;0.056815948;0.087042889
11/11/2014;256;0.0517;0.0631;0.0693;0.0631;0.061831963;0.4929;0.0259;0.0259;0.0259;0.0259;0.0259;0.0259;0.0259;0.0794;0.104021442;0.128170581;0.136180278
12/11/2014;257;0.0518;0.063;0.0692;0.0631;0.061757152;0.6874;0;0.0259;0.0259;0.0259;0.0259;0.0259;0.0259;0.0068;0.086132334;0.110789446;0.134938584
13/11/2014;258;0.0512;0.0629;0.0691;0.0631;0.061577813;0.5487;0;0;0.0259;0.0259;0.0259;0.0259;0.0259;0.01;0.016799271;0.096163601;0.120820713
14/11/2014;259;0.0511;0.0625;0.0691;0.0631;0.06144847;0.5946;0;0;0;0.0259;0.0259;0.0259;0.0259;0.013;0.023001857;0.029769861;0.109134191
15/11/2014;260;0.051;0.0624;0.0691;0.0631;0.061402329;0.6392;0;0;0;0;0.0259;0.0259;0.0259;0;0.01297059;0.023001857;0.029769861
16/11/2014;261;0.0509;0.0622;0.0691;0.0631;0.061346861;0.7046;0.3108;0.3108;0.3108;0.3108;0.3108;0.3367;0.3367;0.0195;0.019533893;0.032504483;0.04253575
17/11/2014;262;0.1467;0.1367;0.1281;0.1102;0.130415044;0.1832;7.4074;7.7182;7.7182;7.7182;7.7182;7.7182;7.7441;0.1045;0.124053797;0.124053797;0.137024386
18/11/2014;263;0.1497;0.1408;0.1375;0.124;0.137994473;0.3619;0.3108;7.7182;8.029;8.029;8.029;8.029;8.029;0.1557;0.260206766;0.279740659;0.279740659
19/11/2014;264;0.16;0.1489;0.1429;0.1275;0.144827675;0.2794;1.7094;2.0202;9.4276;9.7384;9.7384;9.7384;9.7384;0.1226;0.278264244;0.382784148;0.402318041
20/11/2014;265;0.1559;0.1468;0.1431;0.1288;0.143673613;0.6123;0.3108;2.0202;2.331;9.7384;10.0492;10.0492;10.0492;0.4974;0.620001239;0.775688101;0.880208005
21/11/2014;266;0.1439;0.1372;0.137;0.1234;0.135364493;0.6165;0;0.3108;2.0202;2.331;9.7384;10.0492;10.0492;0.331;0.828382785;0.950960166;1.106647029
22/11/2014;267;0.1348;0.13;0.1325;0.1194;0.129176994;0.6058;0;0;0.3108;2.0202;2.331;9.7384;10.0492;0.3551;0.686054616;1.183478473;1.306055855
23/11/2014;268;0.1274;0.1249;0.1289;0.1165;0.124420703;0.6000;0;0;0;0.3108;2.0202;2.331;9.7384;0.3323;0.687351311;1.018310238;1.515734095
24/11/2014;269;0.1211;0.1204;0.1258;0.1137;0.120243084;0.6205;0;0;0;0;0.3108;2.0202;2.331;0.2423;0.574577409;0.929673097;1.260632025
25/11/2014;270;0.1153;0.1166;0.1229;0.1114;0.116557067;0.6383;0;0;0;0;0;0.3108;2.0202;0.2689;0.511205793;0.843461415;1.198557103
26/11/2014;271;0.1098;0.1128;0.1206;0.109;0.113066917;0.5751;0;0;0;0;0;0;0.3108;0.4029;0.671779536;0.914101322;1.246356945
27/11/2014;272;0.104;0.1091;0.1183;0.1067;0.109530216;0.6284;0;0;0;0;0;0;0;0.4072;0.810104228;1.078988234;1.32131002
28/11/2014;273;0.0986;0.1054;0.1158;0.1043;0.106020521;0.6222;0;0;0;0;0;0;0;0.3401;0.747330517;1.150226047;1.419110053
29/11/2014;274;0.0938;0.1018;0.1127;0.1018;0.102563629;0.4533;0;0;0;0;0;0;0;0.1708;0.510966785;0.918175483;1.321071012
30/11/2014;275;0.0893;0.0986;0.1096;0.0992;0.099143968;0.6040;0;0;0;0;0;0;0;0.3142;0.485056431;0.82517825;1.232386948
01/12/2014;276;0.0851;0.0954;0.1064;0.0964;0.095820784;0.6285;0;0;0;0;0;0;0;0.2612;0.575396945;0.74624191;1.08636373
02/12/2014;277;0.0815;0.0923;0.1031;0.0939;0.09270285;0.4862;0;0;0;0;0;0;0;0.1152;0.376358043;0.690569508;0.861414474
03/12/2014;278;0.0788;0.0895;0.0999;0.0916;0.089957711;0.5160;0;0;0;0;0;0;0;0.1549;0.270101168;0.531286647;0.845498112
04/12/2014;279;0.0767;0.0872;0.0968;0.0892;0.087460043;0.5314;0.0259;0.0259;0.0259;0.0259;0.0259;0.0259;0.0259;0.2013;0.356275721;0.471448285;0.732633765
05/12/2014;280;0.075;0.0851;0.0945;0.0871;0.085410153;0.4736;0.0518;0.0777;0.0777;0.0777;0.0777;0.0777;0.0777;0.2622;0.463556016;0.61848462;0.733657183
06/12/2014;281;0.0796;0.0832;0.0923;0.0855;0.085126852;0.5158;0.9324;0.9842;1.0101;1.0101;1.0101;1.0101;1.0101;0.4406;0.702818391;0.904165508;1.059094112
07/12/2014;282;0.079;0.0818;0.0903;0.0838;0.083738405;0.6179;0;0.9324;0.9842;1.0101;1.0101;1.0101;1.0101;0.4757;0.916323674;1.178532573;1.37987969
08/12/2014;283;0.0766;0.0809;0.0887;0.0823;0.082110268;0.6193;0;0;0.9324;0.9842;1.0101;1.0101;1.0101;0.3095;0.78518793;1.225797422;1.48800632
09/12/2014;284;0.0745;0.0798;0.0875;0.0809;0.080653615;0.5682;0;0;0;0.9324;0.9842;1.0101;1.0101;0.1797;0.489148068;0.96486225;1.405471742
10/12/2014;285;0.073;0.079;0.0866;0.0798;0.07957339;0.6149;0;0;0;0;0.9324;0.9842;1.0101;0.2525;0.432127599;0.741601347;1.217315529
11/12/2014;286;0.0714;0.0778;0.0854;0.0785;0.078280754;0.5674;0;0;0;0;0;0.9324;0.9842;0.3179;0.57032149;0.749995811;1.059469559
12/12/2014;287;0.0701;0.0769;0.0844;0.0774;0.077214563;0.4553;0;0;0;0;0;0;0.9324;0.2066;0.524497142;0.77695042;0.956624741
13/12/2014;288;0.0694;0.0763;0.0835;0.0762;0.076327863;0.5944;0;0;0;0;0;0;0;0.1767;0.383302385;0.701170597;0.953623875
14/12/2014;289;0.0686;0.0758;0.0827;0.0753;0.075604711;0.5030;0;0;0;0;0;0;0;0.1492;0.32587949;0.53250842;0.850376631
15/12/2014;290;0.0676;0.0751;0.0819;0.0745;0.074770656;0.5209;0;0;0;0;0;0;0;0.2111;0.360318366;0.536991821;0.743620751
16/12/2014;291;0.0669;0.0748;0.0812;0.0737;0.074125831;0.4871;0;0;0;0;0;0;0;0.1357;0.346811783;0.496017818;0.672691273
17/12/2014;292;0.066;0.0739;0.0805;0.0729;0.073321296;0.2795;0;0;0;0;0;0;0;0.0957;0.231389089;0.44250142;0.591707455
18/12/2014;293;0.0656;0.0733;0.0797;0.0723;0.072732749;0.1779;0;0;0;0;0;0;0;0.0962;0.191896791;0.327596242;0.538708573
19/12/2014;294;0.0651;0.0732;0.0793;0.0717;0.072321757;0.5423;0.0259;0.0259;0.0259;0.0259;0.0259;0.0259;0.0259;0.1808;0.276985765;0.372675402;0.508374854
20/12/2014;295;0.0648;0.0726;0.0788;0.0711;0.071837997;0.5434;0;0.0259;0.0259;0.0259;0.0259;0.0259;0.0259;0.1832;0.363929881;0.460137034;0.555826672
21/12/2014;296;0.0643;0.0725;0.0784;0.0706;0.071451698;0.5670;0;0;0.0259;0.0259;0.0259;0.0259;0.0259;0.0895;0.272618524;0.453397136;0.549604289
22/12/2014;297;0.0635;0.0722;0.0778;0.0703;0.070924054;0.6070;0;0;0;0.0259;0.0259;0.0259;0.0259;0.0599;0.149354808;0.332506077;0.513284689
23/12/2014;298;0.0628;0.0717;0.077;0.0696;0.070278784;0.6301;0;0;0;0;0.0259;0.0259;0.0259;0.128;0.187855983;0.277323237;0.460474507
24/12/2014;299;0.0621;0.0711;0.0763;0.0691;0.069644605;0.6236;0;0;0;0;0;0.0259;0.0259;0.126;0.253974465;0.313862018;0.403329273
25/12/2014;300;0.0615;0.0709;0.076;0.0686;0.069271464;0.5989;0;0;0;0;0;0;0.0259;0.0762;0.202179056;0.330147486;0.390035039
26/12/2014;301;0.0609;0.0707;0.0753;0.0678;0.068669091;0.4834;0;0;0;0;0;0;0;0.0641;0.140238096;0.266244132;0.394212561
27/12/2014;302;0.0605;0.0702;0.0747;0.0674;0.068214328;0.5720;0;0;0;0;0;0;0;0.041;0.105066705;0.181239726;0.307245761
28/12/2014;303;0.0599;0.07;0.0745;0.0669;0.067811645;0.5553;0;0;0;0;0;0;0;0.0377;0.078739689;0.142804764;0.218977785
29/12/2014;304;0.0592;0.0693;0.0738;0.0666;0.067233183;0.5410;0.0518;0.0518;0.0518;0.0518;0.0518;0.0518;0.0518;0.0679;0.105630257;0.146631887;0.210696962
30/12/2014;305;0.0589;0.0691;0.0734;0.0665;0.066957364;0.4641;0.4144;0.4662;0.4662;0.4662;0.4662;0.4662;0.4662;0.1829;0.250784125;0.288522184;0.329523814
31/12/2014;306;0.0596;0.0681;0.0727;0.0659;0.066579505;0.4757;0;0.4144;0.4662;0.4662;0.4662;0.4662;0.4662;0.1792;0.36212437;0.430016568;0.467754627
01/01/2015;307;0.0606;0.0679;0.0725;0.0657;0.066677898;0.6286;0.259;0.259;0.6734;0.7252;0.7252;0.7252;0.7252;0.1766;0.355846827;0.538738753;0.606630951
02/01/2015;308;0.0609;0.0675;0.0724;0.0654;0.066556272;0.3810;0.1554;0.4144;0.4144;0.8288;0.8806;0.8806;0.8806;0.1324;0.308984614;0.488217057;0.671108984
03/01/2015;309;0.061;0.0674;0.0718;0.0649;0.0662562;0.5390;0;0.1554;0.4144;0.4144;0.8288;0.8806;0.8806;0.1654;0.297785473;0.474399856;0.6536323
04/01/2015;310;0.0622;0.0674;0.0717;0.0648;0.066526496;0.4461;0;0;0.1554;0.4144;0.4144;0.8288;0.8806;0.155;0.320371557;0.452741787;0.62935617
05/01/2015;311;0.0618;0.0674;0.0717;0.0648;0.06642211;0.4338;0.4662;0.4662;0.4662;0.6216;0.8806;0.8806;1.295;0.1911;0.346066229;0.511481472;0.643851703
06/01/2015;312;0.0626;0.067;0.071;0.0645;0.066297123;0.5193;0.7511;1.2173;1.2173;1.2173;1.3727;1.6317;1.6317;0.2684;0.459551444;0.614507758;0.779923001
07/01/2015;313;0.07;0.0674;0.0708;0.0641;0.068090525;0.5280;0;0.7511;1.2173;1.2173;1.2173;1.3727;1.6317;0.2717;0.540171857;0.731281772;0.886238086
08/01/2015;314;0.07;0.0674;0.0708;0.064;0.068064026;0.4948;0;0;0.7511;1.2173;1.2173;1.2173;1.3727;0.1845;0.45625726;0.724698789;0.915808704
09/01/2015;315;0.0679;0.0673;0.071;0.064;0.067537475;0.6181;0;0;0;0.7511;1.2173;1.2173;1.2173;0.1193;0.303844448;0.575574776;0.844016305
10/01/2015;316;0.0663;0.0675;0.0713;0.064;0.06727776;0.6983;0;0;0;0;0.7511;1.2173;1.2173;0.057;0.176297917;0.360824849;0.632555177
11/01/2015;317;0.0648;0.0674;0.0714;0.0642;0.066972712;0.5590;0.0777;0.0777;0.0777;0.0777;0.0777;0.8288;1.295;0.1229;0.179862835;0.299180351;0.483707284
12/01/2015;318;0.0633;0.0673;0.0712;0.064;0.066473627;0.4523;0.1036;0.1813;0.1813;0.1813;0.1813;0.1813;0.9324;0.1704;0.293281265;0.350261666;0.469579182
13/01/2015;319;0.0626;0.0671;0.0709;0.064;0.066141833;0.5941;0;0.1036;0.1813;0.1813;0.1813;0.1813;0.1813;0.1353;0.305651171;0.428533605;0.485514006
14/01/2015;320;0.0621;0.0672;0.071;0.064;0.066063328;0.5838;0;0;0.1036;0.1813;0.1813;0.1813;0.1813;0.0445;0.179757415;0.350156246;0.47303868
15/01/2015;321;0.0614;0.0672;0.0711;0.064;0.065907646;0.5694;0;0;0;0.1036;0.1813;0.1813;0.1813;0.0536;0.098064185;0.233316525;0.403715356
16/01/2015;322;0.0607;0.0671;0.071;0.064;0.065707539;0.5978;0;0;0;0;0.1036;0.1813;0.1813;0.0264;0.08000703;0.124512105;0.259764445
17/01/2015;323;0.06;0.0671;0.0711;0.064;0.065550287;0.6509;0;0;0;0;0;0.1036;0.1813;0.0268;0.053201654;0.106760764;0.151265839
18/01/2015;324;0.0592;0.067;0.0711;0.064;0.065330254;0.6243;0;0;0;0;0;0;0.1036;0.0335;0.060218545;0.086666466;0.140225576
19/01/2015;325;0.0584;0.0667;0.071;0.064;0.065016082;0.5898;0;0;0;0;0;0;0;0.0565;0.089951425;0.116705159;0.143153079
20/01/2015;326;0.0578;0.0666;0.0708;0.064;0.064793142;0.6570;0;0;0;0;0;0;0;0.0414;0.097857957;0.131322769;0.158076503
21/01/2015;327;0.0572;0.0666;0.0708;0.064;0.064639779;0.6003;0.3108;0.3108;0.3108;0.3108;0.3108;0.3108;0.3108;0.072;0.113397028;0.169883642;0.203348454
22/01/2015;328;0.0571;0.0658;0.0704;0.0634;0.064165171;0.4384;0;0.3108;0.3108;0.3108;0.3108;0.3108;0.3108;0.2567;0.328686831;0.370058174;0.426544788
23/01/2015;329;0.0573;0.0655;0.07;0.0631;0.06397569;0.4034;0;0;0.3108;0.3108;0.3108;0.3108;0.3108;0.1203;0.377008964;0.449034648;0.490405992
24/01/2015;330;0.0575;0.0654;0.07;0.0631;0.063999305;0.5993;0.4662;0.4662;0.4662;0.777;0.777;0.777;0.777;0.0815;0.201874531;0.458535677;0.530561362
25/01/2015;331;0.0575;0.065;0.07;0.0631;0.063909904;0.5149;0;0.4662;0.4662;0.4662;0.777;0.777;0.777;0.3327;0.414211066;0.534558884;0.79122003
26/01/2015;332;0.0583;0.0651;0.07;0.0631;0.064122509;0.6091;0;0;0.4662;0.4662;0.4662;0.777;0.777;0.1076;0.440259417;0.52178613;0.642133948
27/01/2015;333;0.0585;0.0653;0.07;0.0631;0.064204751;0.6697;0;0;0;0.4662;0.4662;0.4662;0.777;0.0861;0.193662786;0.526347139;0.607873853
28/01/2015;334;0.0582;0.0653;0.07;0.0631;0.064157862;0.6772;0;0;0;0;0.4662;0.4662;0.4662;0.0653;0.151432149;0.259007212;0.591691565
29/01/2015;335;0.0556;0.0624;0.0684;0.0657;0.063001799;0.5695;0.1295;0.1295;0.1295;0.1295;0.1295;0.5957;0.5957;0.0625;0.127884094;0.213971817;0.32154688
30/01/2015;336;0.0515;0.0571;0.065;0.07;0.060896888;0.5715;0;0.1295;0.1295;0.1295;0.1295;0.1295;0.5957;0.1161;0.178613165;0.243957591;0.330045314
31/01/2015;337;0.0512;0.057;0.0649;0.07;0.060788717;0.6170;0;0;0.1295;0.1295;0.1295;0.1295;0.1295;0.055;0.171104696;0.233644364;0.29898879
01/02/2015;338;0.0513;0.0567;0.0649;0.07;0.060719649;0.6325;0;0;0;0.1295;0.1295;0.1295;0.1295;0.0308;0.085793746;0.201867243;0.264406911
02/02/2015;339;0.0511;0.0562;0.0649;0.07;0.060540693;0.6020;0;0;0;0;0.1295;0.1295;0.1295;0.0207;0.05142433;0.106455528;0.222529026
03/02/2015;340;0.0506;0.0555;0.0648;0.07;0.060211421;0.4328;0.2072;0.2072;0.2072;0.2072;0.2072;0.3367;0.3367;0.0629;0.083555977;0.114318524;0.169349723
04/02/2015;341;0.0504;0.0549;0.064;0.0695;0.059691404;0.3769;0.0259;0.2331;0.2331;0.2331;0.2331;0.2331;0.3626;0.0797;0.142586902;0.163248684;0.194011231
05/02/2015;342;0.0502;0.0555;0.0636;0.0691;0.059610827;0.5820;0.1036;0.1295;0.3367;0.3367;0.3367;0.3367;0.3367;0.1305;0.210231857;0.273126052;0.293787834
06/02/2015;343;0.0507;0.0556;0.0639;0.0693;0.059861347;0.7350;0;0.1036;0.1295;0.3367;0.3367;0.3367;0.3367;0.0808;0.211306133;0.29099884;0.353893035
07/02/2015;344;0.0503;0.0553;0.0642;0.0694;0.059802824;0.6584;0;0;0.1036;0.1295;0.3367;0.3367;0.3367;0.0569;0.13770685;0.268246;0.347938707
08/02/2015;345;0.0503;0.0547;0.0642;0.0698;0.059725712;0.4829;0;0;0;0.1036;0.1295;0.3367;0.3367;0.0396;0.09649242;0.177259403;0.307798553
09/02/2015;346;0.05;0.0543;0.0642;0.0697;0.05954216;0.6280;0;0;0;0;0.1036;0.1295;0.3367;0.0342;0.073759785;0.130699652;0.211466635
10/02/2015;347;0.0499;0.0539;0.064;0.0697;0.059368444;0.6516;0;0;0;0;0;0.1036;0.1295;0.027;0.061220211;0.100772764;0.157712631
11/02/2015;348;0.0523;0.0604;0.0678;0.065;0.061358494;0.6560;0;0;0;0;0;0;0.1036;0.0418;0.068835906;0.103043138;0.142595691
12/02/2015;349;0.0533;0.0638;0.0698;0.0626;0.062376457;0.6562;0;0;0;0;0;0;0;0.0477;0.0895455;0.116558479;0.150765711
13/02/2015;350;0.0528;0.0638;0.0699;0.0627;0.062303098;0.6333;0;0;0;0;0;0;0;0.0214;0.069144057;0.110966985;0.137979964
14/02/2015;351;0.0525;0.0635;0.0699;0.0626;0.062118301;0.4797;0.5957;0.5957;0.5957;0.5957;0.5957;0.5957;0.5957;0.066;0.087414451;0.135137023;0.176959951
15/02/2015;352;0.0547;0.0625;0.0692;0.0625;0.06223064;0.2910;0;0.5957;0.5957;0.5957;0.5957;0.5957;0.5957;0.2251;0.291114476;0.312535961;0.360258533
16/02/2015;353;0.057;0.0623;0.0686;0.0622;0.062525194;0.4696;0;0;0.5957;0.5957;0.5957;0.5957;0.5957;0.1476;0.372730132;0.438723098;0.460144582
17/02/2015;354;0.0584;0.0626;0.0688;0.0622;0.062995191;0.6615;0;0;0;0.5957;0.5957;0.5957;0.5957;0.0584;0.205970871;0.431092381;0.497085347
18/02/2015;355;0.0585;0.0629;0.0689;0.0622;0.063149145;0.5525;0;0;0;0;0.5957;0.5957;0.5957;0.0574;0.11574694;0.263355562;0.488477072
19/02/2015;356;0.0585;0.0629;0.0688;0.0622;0.063108639;0.5212;0.7511;0.7511;0.7511;0.7511;0.7511;1.3468;1.3468;0.0857;0.143129874;0.201492123;0.349100745
20/02/2015;357;0.0638;0.0623;0.0684;0.0622;0.064195383;0.3873;0;0.7511;0.7511;0.7511;0.7511;0.7511;1.3468;0.1638;0.249518413;0.306903104;0.365265353
21/02/2015;358;0.0654;0.0622;0.068;0.0619;0.064394704;0.2493;0;0;0.7511;0.7511;0.7511;0.7511;0.7511;0.0746;0.238388444;0.324133627;0.381518318
22/02/2015;359;0.0654;0.0622;0.0678;0.0614;0.064231868;0.3730;0.6216;0.6216;0.6216;1.3727;1.3727;1.3727;1.3727;0.0721;0.146692819;0.310466049;0.396211232
23/02/2015;360;0.0664;0.0623;0.0678;0.0614;0.064478241;0.4290;0.0259;0.6475;0.6475;0.6475;1.3986;1.3986;1.3986;0.2669;0.338992227;0.413607441;0.577380672
24/02/2015;361;0.0664;0.0626;0.0679;0.0614;0.064554991;0.5610;0;0.0259;0.6475;0.6475;0.6475;1.3986;1.3986;0.2128;0.479675276;0.551752881;0.626368095
25/02/2015;362;0.0655;0.0633;0.0684;0.0619;0.064759976;0.5949;0.2072;0.2072;0.2331;0.8547;0.8547;0.8547;1.6058;0.1402;0.352929414;0.619844037;0.691921641
26/02/2015;363;0.0643;0.0632;0.0683;0.062;0.064459214;0.6244;0;0.2072;0.2072;0.2331;0.8547;0.8547;0.8547;0.1925;0.332702688;0.545463342;0.812377964
27/02/2015;364;0.0634;0.0635;0.0685;0.062;0.064336407;0.5444;0;0;0.2072;0.2072;0.2331;0.8547;0.8547;0.0521;0.244626472;0.384795232;0.597555886
28/02/2015;365;0.0729;0.0638;0.0685;0.0622;0.066857948;0.4741;2.072;2.072;2.072;2.2792;2.2792;2.3051;2.9267;0.2018;0.253920427;0.446454355;0.586623115
01/03/2015;366;0.1187;0.0699;0.0684;0.0622;0.079825053;0.5244;0.0259;2.0979;2.0979;2.0979;2.3051;2.3051;2.331;0.2626;0.464439909;0.516532453;0.709066381
02/03/2015;367;0.1061;0.0736;0.0689;0.0622;0.077722454;0.5137;0.3885;0.4144;2.4864;2.4864;2.4864;2.6936;2.6936;0.3501;0.612737241;0.814565124;0.866657668
03/03/2015;368;0.0976;0.0768;0.0691;0.0622;0.0764342;0.5316;0;0.3885;0.4144;2.4864;2.4864;2.4864;2.6936;0.3494;0.699524304;0.96213633;1.163964213
04/03/2015;369;0.0878;0.0775;0.0693;0.0623;0.074209058;0.5302;0;0;0.3885;0.4144;2.4864;2.4864;2.4864;0.1297;0.479136778;0.829261992;1.091874019
05/03/2015;370;0.0806;0.0764;0.0698;0.0631;0.072470699;0.4888;0.3626;0.3626;0.3626;0.7511;0.777;2.849;2.849;0.144;0.2736877;0.623086789;0.973212004
06/03/2015;371;0.0765;0.0752;0.07;0.0631;0.071192148;0.4309;0.3367;0.6993;0.6993;0.6993;1.0878;1.1137;3.1857;0.3039;0.447834862;0.577572551;0.92697164
07/03/2015;372;0.0745;0.0738;0.07;0.0631;0.070346541;0.5790;0;0.3367;0.6993;0.6993;0.6993;1.0878;1.1137;0.3646;0.668489447;0.812439458;0.942177147
08/03/2015;373;0.0727;0.0732;0.0701;0.0631;0.069760939;0.5412;0.0518;0.0518;0.3885;0.7511;0.7511;0.7511;1.1396;0.14;0.504574288;0.808459138;0.952409149
09/03/2015;374;0.0704;0.0721;0.0703;0.0631;0.068979438;0.5989;0.1295;0.1813;0.1813;0.518;0.8806;0.8806;0.8806;0.2729;0.412893603;0.7774982;1.08138305
10/03/2015;375;0.0689;0.0711;0.0707;0.0631;0.068460876;0.5889;0;0.1295;0.1813;0.1813;0.518;0.8806;0.8806;0.1816;0.454540283;0.594509974;0.95911457
11/03/2015;376;0.0671;0.0708;0.0708;0.0631;0.067964814;0.6855;0;0;0.1295;0.1813;0.1813;0.518;0.8806;0.0897;0.271304236;0.544228148;0.684197839
12/03/2015;377;0.0656;0.07;0.0708;0.0631;0.067369301;0.6012;0;0;0;0.1295;0.1813;0.1813;0.518;0.1003;0.189983865;0.371600235;0.644524147
13/03/2015;378;0.0642;0.0692;0.0708;0.0631;0.066829057;0.6432;0;0;0;0;0.1295;0.1813;0.1813;0.0317;0.132025034;0.221712899;0.40332927
14/03/2015;379;0.0628;0.0684;0.0705;0.0631;0.066202631;0.6810;0;0;0;0;0;0.1295;0.1813;0.1042;0.135917238;0.236213238;0.325901103
15/03/2015;380;0.0576;0.0626;0.0681;0.0688;0.06425457;0.6793;0;0;0;0;0;0;0.1295;0.0999;0.204066706;0.235795741;0.33609174
16/03/2015;381;0.056;0.0609;0.0687;0.07;0.063904015;0.5846;0.0259;0.0259;0.0259;0.0259;0.0259;0.0259;0.0259;0.1385;0.238403279;0.342591483;0.374320517
17/03/2015;382;0.0581;0.0651;0.0698;0.0661;0.064789876;0.5583;0.0259;0.0518;0.0518;0.0518;0.0518;0.0518;0.0518;0.1201;0.258667392;0.358545894;0.462734098
18/03/2015;383;0.0557;0.0614;0.069;0.0684;0.063654673;0.6020;0.0777;0.1036;0.1295;0.1295;0.1295;0.1295;0.1295;0.1415;0.261688979;0.400213756;0.500092259
19/03/2015;384;0.0542;0.0594;0.0686;0.0696;0.062962802;0.6123;0;0.0777;0.1036;0.1295;0.1295;0.1295;0.1295;0.1388;0.280375473;0.400518088;0.539042864
20/03/2015;385;0.054;0.059;0.0683;0.0692;0.062613885;0.6546;0;0;0.0777;0.1036;0.1295;0.1295;0.1295;0.087;0.225851807;0.367398172;0.487540787
21/03/2015;386;0.0535;0.0587;0.0682;0.0692;0.062404076;0.6618;0.8806;0.8806;0.8806;0.9583;0.9842;1.0101;1.0101;0.115;0.202014422;0.34084353;0.482389894
22/03/2015;387;0.0562;0.0838;0.0682;0.0691;0.069342341;0.6051;0.8288;1.7094;1.7094;1.7094;1.7871;1.813;1.8389;0.1364;0.251416417;0.338439115;0.477268224
23/03/2015;388;0.0592;0.0962;0.0682;0.0691;0.073173924;0.6128;0.1036;0.9324;1.813;1.813;1.813;1.8907;1.9166;0.1424;0.278816234;0.393807957;0.480830656
24/03/2015;389;0.0605;0.0874;0.0689;0.0692;0.071508117;0.6112;0;0.1036;0.9324;1.813;1.813;1.813;1.8907;0.1426;0.285027803;0.421452497;0.53644422
25/03/2015;390;0.0605;0.0788;0.0695;0.0694;0.069530464;0.6513;0.1036;0.1036;0.2072;1.036;1.9166;1.9166;1.9166;0.0868;0.22939034;0.37178188;0.508206574
26/03/2015;391;0.06;0.0734;0.07;0.0697;0.068265273;0.6282;0;0.1036;0.1036;0.2072;1.036;1.9166;1.9166;0.1247;0.21148593;0.354122192;0.496513733
27/03/2015;392;0.0594;0.0698;0.07;0.07;0.067283937;0.6137;0;0;0.1036;0.1036;0.2072;1.036;1.9166;0.1336;0.258374229;0.345128305;0.487764568
28/03/2015;393;0.0586;0.0673;0.07;0.07;0.066470455;0.5933;0;0;0;0.1036;0.1036;0.2072;1.036;0.1421;0.275744654;0.400476507;0.487230583
29/03/2015;394;0.0577;0.0655;0.0698;0.07;0.065730665;0.4920;0.0259;0.0259;0.0259;0.0259;0.1295;0.1295;0.2331;0.1487;0.290832848;0.424475224;0.549207077
30/03/2015;395;0.0569;0.0638;0.0692;0.07;0.064966556;0.4916;0.3108;0.3367;0.3367;0.3367;0.3367;0.4403;0.4403;0.154;0.302722883;0.444825161;0.578467537
31/03/2015;396;0.0563;0.0631;0.0689;0.0698;0.064501853;0.5068;0.0259;0.3367;0.3626;0.3626;0.3626;0.3626;0.4662;0.1675;0.321468914;0.470199485;0.612301763
